lifelong,M
courier,M
keg,P
aristocrat,P
violate,P
novelty,P
pirate,P
screenplay,M
gasoline,M
fringe,P
corral,P
gopher,P
substance,P
flannel,P
strap,P
courtesy,P
monetary,P
pitch,H
countdown,P
fiend,P
fascist,P
uranium,M
generic,P
uterus,P
marijuana,M
pink,H
telegraph,P
perky,M
society,P
fearless,M
lotion,P
annoy,P
stooge,P
hoop,P
doorman,M
cookie,P
etiquette,M
romantic,P
horrendous,M
square,P
gentry,P
politician,P
vibration,P
isolate,P
spacious,P
toilet,P
southwest,P
corpse,M
publisher,P
accompany,P
wildlife,M
detonate,M
speech,P
louse,P
household,P
audit,P
lend,P
despise,M
plasma,P
attack,P
cone,P
prototype,P
rope,P
agreement,P
unable,M
rainy,M
gracious,P
hind,H
park,P
detector,P
ironic,P
armpit,M
goon,M
libido,M
distance,P
eager,M
drum,P
crossbow,M
accident,P
moon,P
pansy,P
slaughter,P
restless,P
reality,P
equal,P
buoy,P
regain,P
dominion,P
pudding,P
wing,P
greedy,P
hoof,P
poorly,P
mink,P
cesspool,M
plumber,P
toaster,H
autopsy,P
heinous,M
disposal,P
pounce,P
pleasant,P
airtight,P
janitor,M
selfish,P
nicotine,M
cancer,P
critical,P
cloak,P
honor,P
continue,P
tactical,P
fright,P
placement,P
panic,P
rotation,P
joker,P
bug,P
plaster,P
poise,P
territory,P
infection,P
selective,P
heater,P
tailor,P
confront,P
folder,P
allegiance,M
various,P
assure,P
massacre,P
green,P
sweaty,P
bogus,M
drip,P
horseback,P
angle,H
disarm,P
burp,P
premature,M
emphasize,P
hither,P
crook,P
rosary,P
cardiac,P
newborn,P
bosom,P
grenade,P
frisky,M
anesthetic,P
goose,P
shilling,P
lag,P
daft,P
anger,P
burner,P
terrain,M
interpret,P
refugee,M
mediocre,M
lousy,P
tack,P
mercy,P
insane,P
vacant,P
diagnostic,P
shrimp,P
ski,P
stack,P
definition,P
elephant,M
injury,P
computer,P
boner,M
misty,P
stout,P
electrical,M
constable,P
stampede,P
uphold,P
context,P
pelvis,P
birthday,M
haunt,P
pavement,P
airfield,M
unsure,P
physicist,M
monkey,P
brisk,P
clumsy,P
beard,P
hateful,P
profound,P
turmoil,M
frightful,P
outsider,P
sweat,P
stability,M
strong,P
singer,P
platter,P
warfare,P
horn,P
sting,P
tetanus,P
singular,P
health,P
dazzle,P
headache,P
infant,P
kitchen,M
maker,P
limit,P
yard,H
expense,P
snug,P
tacky,H
manipulate,P
branch,P
outright,P
button,P
hesitate,P
jackpot,P
reach,P
virus,P
workers,P
block,P
cradle,P
peppermint,P
punk,P
sexist,P
latitude,P
solid,P
morality,P
clot,P
tackle,P
mural,P
overture,P
bakery,M
dramatic,P
murderous,P
grasp,P
frog,H
dig,P
continent,P
destiny,P
module,P
conviction,P
tune,P
vision,P
shave,P
scan,P
felony,M
sitter,P
steam,P
reopen,P
keen,H
rejoin,H
autograph,P
latter,P
steward,P
partner,P
testicle,M
heiress,M
cast,P
vengeful,M
brilliance,P
cockroach,M
similar,M
pint,P
dwell,P
countless,M
scramble,P
antique,P
global,P
shameless,P
skip,P
fallout,P
generation,P
treat,P
gobble,H
mainstream,P
athlete,P
sane,P
rug,P
paint,P
passionate,P
push,P
vulgar,P
liar,M
password,M
buzzard,P
deadly,P
thorough,P
fetish,P
level,P
offer,P
jerk,H
accurate,P
train,P
dart,P
insecure,P
velocity,P
bulletin,P
nibble,P
bacon,M
cope,H
ballet,P
soak,P
crave,P
revolution,P
steady,P
perfume,P
womb,P
exhibition,P
subsequent,M
subjective,P
patient,P
barefoot,M
stale,P
vortex,P
invade,P
fry,H
homicide,P
fetch,P
stressful,M
fabulous,P
cabin,P
freshman,P
lonesome,P
jester,P
morale,M
assistant,P
maternity,P
fat,P
contribute,P
execute,P
grub,P
trend,P
exhaust,P
jealous,P
blouse,P
penthouse,P
squid,M
fragile,P
conclusive,M
worthless,P
mingle,P
quickie,M
seminary,M
drifter,M
clinic,P
commie,M
tavern,P
hefty,P
denial,P
cartel,P
aspirin,P
humor,P
ultimate,P
fruity,P
rowdy,P
pardon,P
consumer,P
feminine,P
millennium,P
zone,P
appreciate,P
walrus,M
instrument,P
vial,M
microwave,P
tux,M
mustard,P
camper,P
wealthy,M
robbery,M
epic,P
lighthouse,M
agony,P
bike,P
administer,P
deathbed,P
thrust,P
basket,P
capable,P
edible,P
series,P
frenzy,P
backpack,P
fear,P
condone,M
gift,P
frequency,P
incurable,P
caviar,M
giant,P
courtship,P
timer,P
hobby,H
scrape,P
pussycat,M
discretion,P
location,P
wolf,P
perceptive,P
herpes,P
shred,P
solar,P
rabbi,P
essence,P
elevator,P
tracer,P
dimension,P
homecoming,P
lease,P
nameless,P
evident,M
flashlight,M
diplomat,P
exact,P
operative,P
debate,P
pump,H
tenure,P
penniless,M
healthy,P
nauseous,P
flank,P
cowardice,M
therapy,P
crafty,M
napalm,P
wandering,P
industrial,P
club,P
efficiency,P
racetrack,M
wedlock,M
orb,P
girlfriend,P
dispenser,M
erotic,P
slant,P
conscience,P
immature,P
pageant,P
connect,P
truck,H
banana,P
galactic,P
weep,P
goal,P
purpose,P
riffraff,M
endanger,M
nation,P
attire,P
slingshot,M
proper,P
merciful,M
regroup,P
noon,M
lowdown,P
calculate,P
salmon,P
subpoena,P
overhead,P
mighty,P
quarantine,P
transmit,P
galaxy,P
mirror,P
crowd,P
bullet,P
fishy,P
strike,P
maternal,P
havoc,P
lovemaking,P
fickle,M
farce,P
prosperous,P
puck,M
stairway,M
crucify,P
indulge,P
lure,P
jet,H
buckshot,M
censorship,M
efficient,P
surround,P
impolite,M
rocker,P
topic,P
compulsive,P
sunshine,P
subtle,P
warmed,P
geometry,P
hatred,M
excessive,M
dine,P
census,M
stagecoach,M
unfit,P
antenna,P
elderly,M
talent,P
rivalry,P
tooth,P
modesty,P
mute,P
prosperity,M
chowder,M
tote,P
starve,P
moth,P
mug,P
panel,P
tender,H
robe,P
expand,P
flame,P
positive,P
scorn,P
hungry,P
imperative,P
bank,H
sleazy,P
bark,H
posture,P
tangible,P
decency,P
leper,P
harvest,P
paranormal,M
shameful,P
powder,P
spur,P
sensation,P
gloom,P
climax,P
convoy,P
latrine,M
selfless,M
brandy,P
simmer,P
compensate,P
lawful,P
ashamed,P
stinky,M
blimp,M
grunt,P
flush,H
pulp,P
welfare,P
slumber,P
empathy,P
pedestal,P
stylish,M
pity,P
defend,P
skilled,P
fulfill,P
skid,P
navigate,P
crocodile,P
tenth,P
ingredient,P
gull,H
toot,P
torpedo,P
draw,P
faculty,P
microfilm,P
sabotage,P
sham,P
drill,H
elegance,P
mischief,P
delinquent,P
mirage,P
unjust,M
rule,P
incapable,P
delegation,P
tornado,M
premium,P
monstrous,P
mellow,P
watering,P
musician,P
ignorance,M
scratch,P
slow,P
custom,P
beach,P
pesky,M
kosher,P
lemon,P
backward,P
redundant,P
groundhog,M
brow,P
foreplay,M
flag,H
brimstone,M
espionage,M
studio,P
wet,P
keyboard,P
transient,P
lung,M
surface,P
arrive,P
prosecute,P
strut,H
tactic,M
skinny,P
tasty,M
remind,P
blindfold,P
drool,P
ammunition,P
swoop,P
gas,P
ankle,M
reporter,P
scheme,P
accomplish,P
catheter,M
adapt,P
massive,P
proposal,P
count,H
minus,P
champagne,P
bath,P
mastermind,P
limousine,P
glitter,P
caliber,P
alibi,P
soup,P
portable,P
helicopter,M
skull,P
garment,P
unorthodox,M
decoy,P
cameraman,M
yacht,P
stutter,P
jog,H
inspire,P
chin,P
casserole,P
nervous,P
clamp,P
relative,P
batch,P
loyalty,P
brittle,P
junkie,P
voluntary,P
click,P
population,P
disorderly,P
outline,P
frigid,P
dud,P
peep,H
birthmark,M
task,P
coconut,P
decipher,P
guardian,P
runner,P
moody,P
cuss,P
diver,P
punish,P
constant,P
cowgirl,P
concern,P
guile,M
contractor,P
remove,P
cram,P
barrage,P
disclosure,P
sympathize,P
export,P
prominent,P
shift,P
pinch,P
sarcasm,P
adorable,P
zebra,M
tasteful,P
noose,P
stash,P
bout,P
rage,P
raincoat,M
crisp,P
grow,P
hypnosis,P
lair,P
smudge,P
virtue,P
minimize,P
tremble,P
numerous,P
spoil,P
strand,H
shabby,P
notion,P
shady,P
morgue,P
porcelain,P
vibrator,P
leak,P
untouched,P
cluck,P
touchy,P
badge,P
fateful,P
rag,H
arson,M
agency,P
kicker,P
impossible,P
splinter,P
submission,P
widower,M
brighten,P
character,P
brink,P
conscious,P
cello,M
comedy,P
hydrogen,M
device,P
seed,P
feature,P
infrared,P
hammock,M
stride,P
patrol,P
boom,H
trajectory,P
dispense,P
sever,P
precedent,P
tier,H
rethink,P
concede,P
tall,P
scrap,H
outer,M
truce,P
journal,P
forgery,P
knickers,P
humble,P
collective,P
cater,P
lemonade,M
pathetic,P
mixture,P
jumbo,P
warhead,M
mattress,P
impound,P
sway,P
adjust,P
methane,M
hippo,M
pharmacy,P
guilt,P
yellow,P
stretch,P
untie,P
invention,P
sailboat,M
textbook,M
gimmick,P
degree,P
strange,P
corruption,P
threshold,P
nutty,P
evil,P
grid,P
probable,P
candor,P
outcast,P
lucid,P
pension,P
cheeky,M
setback,P
smart,P
despicable,M
olden,M
powerless,P
suffice,P
drug,P
bowler,H
personnel,P
enforce,P
scientist,M
triple,P
vigilante,M
toll,H
soil,H
finesse,P
near,P
manly,M
fling,P
tolerate,P
suspense,P
mechanism,P
spleen,P
likeness,P
magical,P
afoot,P
impartial,M
strip,H
squeeze,P
gap,P
tiny,M
hockey,P
label,P
deserve,P
briefcase,M
prior,H
betray,P
salesman,M
uncover,P
flood,P
design,P
pottery,P
lace,P
radium,M
gullible,M
wireless,P
bathtub,M
plot,H
benefit,P
curtain,P
chair,P
trombone,M
skillet,M
umbilical,P
barber,P
monoxide,M
glory,P
optimist,P
proprietor,P
wrench,P
input,P
pure,P
imitation,P
redeem,P
adjacent,M
mutant,M
cable,P
virtual,M
basement,M
coroner,M
keeper,P
timely,P
cassette,M
strangle,P
merger,M
renounce,P
correct,P
failure,P
dress,P
underwear,M
thinker,P
observe,P
upstream,P
muffin,M
showdown,P
trunk,P
sixth,P
vulnerable,P
creamy,P
glue,P
itchy,P
trick,P
tummy,M
credible,P
hug,P
midget,P
misfortune,P
guarantee,P
legal,P
honeymoon,P
squeal,P
felon,H
technique,P
sovereign,P
wander,P
fragment,P
pasta,P
rugged,P
rim,P
abyss,P
disgrace,P
lowly,P
livery,P
holster,M
spacecraft,M
salami,M
occur,P
aquarium,P
snap,P
bony,P
spiral,P
nanny,M
holder,P
guidance,P
severe,P
burn,P
sinister,P
season,P
jingle,P
flap,P
scoundrel,M
unemployed,P
clever,P
complexion,P
travel,P
silver,P
brilliant,P
passenger,P
bouncer,P
ignition,P
apartment,M
privy,P
prospect,P
geisha,M
basketball,P
silence,P
bother,P
psychology,P
doorstep,M
meditate,P
goldfish,M
timetable,M
trip,P
likely,P
celestial,P
intuition,P
wand,P
pew,P
housewife,M
jockey,P
beep,P
rinse,P
trooper,P
concussion,P
outward,P
radiator,P
hill,P
getaway,P
kettle,P
minefield,M
hula,M
pouch,P
admire,P
paranoia,P
cocaine,M
joyous,M
helpful,M
classmate,M
immoral,M
muscular,P
bronze,P
recite,P
elastic,P
magician,P
dreary,P
garage,P
chamber,P
electronic,P
trace,H
beggar,P
breathless,P
doorbell,M
scale,H
nickname,P
solution,P
public,P
column,P
battery,P
fleece,P
laboratory,P
crop,P
devotion,P
regional,P
parcel,P
semester,M
seal,H
insulin,P
split,P
overload,P
unseen,P
eyebrow,P
irritable,P
magic,P
keyhole,M
dispose,P
jelly,P
legend,P
sideways,P
planetary,P
werewolf,M
clash,P
boiler,P
earthly,P
septic,P
slime,P
recognize,P
nude,P
insulation,P
overlook,P
nightclub,M
straw,P
culture,P
search,P
animation,P
consider,P
handgun,M
astronaut,M
cosmetic,P
poetic,P
furious,P
amuse,P
stimulate,P
battleship,M
odor,P
ledger,M
visual,P
beak,P
infamous,P
pedestrian,P
quack,H
storeroom,M
bleach,P
kerosene,M
spark,P
gander,M
cavalier,P
eyesight,P
consensus,P
renal,M
apart,P
diet,H
undertake,P
scoot,P
agenda,M
bouncy,P
invest,P
tease,P
lean,H
isolation,P
stab,P
spooky,M
unborn,P
gist,P
anomaly,P
review,P
motorcade,M
lantern,P
cuff,H
rural,P
weave,P
soda,P
disorder,P
heavy,P
astronomy,M
port,H
shack,M
final,P
lingerie,M
compass,P
downward,P
hull,H
patch,P
camouflage,P
depart,P
peaceful,P
ballerina,P
eject,P
stud,H
warmth,P
grad,M
circuit,P
colonial,P
envious,M
customer,P
store,P
socket,P
sewer,H
song,P
clockwork,M
glow,P
descend,P
rocket,H
spray,H
dawn,P
prude,M
entry,P
snuggle,P
docket,P
removal,P
fierce,P
mushroom,P
lug,H
terminal,P
debris,P
commercial,P
scary,M
boardwalk,M
bodyguard,M
skin,P
unfinished,P
medication,P
stepped,P
demolition,P
affair,P
sticky,P
prank,M
wipe,P
tenor,P
barbarian,P
beauty,P
crybaby,M
variation,P
donate,P
freezer,M
flux,P
librarian,M
convey,P
checkpoint,M
abroad,P
pork,P
harass,P
dioxide,M
glide,P
extend,P
snore,P
energy,P
sport,P
cheer,P
hernia,M
confirm,P
desire,P
conceal,P
shadow,P
jump,P
standby,P
carcass,P
loud,P
payroll,P
donor,P
napkin,P
fridge,M
ambush,P
aft,P
sublime,P
kindness,P
standpoint,M
compel,P
ginger,P
curious,P
terror,P
boyfriend,P
install,P
saline,P
jolly,P
stick,H
ledge,P
obnoxious,M
explorer,P
measly,P
brutal,P
disrupt,P
spoon,P
useful,M
downhill,P
recipe,P
gratitude,M
culinary,M
nobility,P
pursuit,P
culprit,M
vengeance,P
legendary,M
litter,P
jam,H
obedient,M
endurance,P
canine,P
bartender,M
prestige,P
oversee,P
feedback,P
cavalry,M
backyard,M
luncheon,M
cashier,H
sponsor,P
genre,P
cologne,M
propaganda,M
tool,P
conjure,P
dependable,M
combustion,P
stink,P
goddess,P
gender,P
stewardess,M
unclean,P
ashtray,M
spare,P
impatient,P
cock,H
vital,P
genocide,M
petition,P
toothbrush,M
booster,P
dull,P
theatrical,P
pod,H
thrill,P
triad,P
casket,P
patriotic,M
vocal,P
asbestos,P
charge,P
airborne,P
strife,P
lullaby,P
gruesome,M
uproar,P
puke,P
taboo,P
razor,P
wall,P
lifeboat,M
rowboat,M
apparatus,P
guitar,P
curriculum,P
wealth,P
chip,H
schoolboy,M
cocoa,P
vote,P
abandon,P
overnight,P
urban,P
equality,M
sorrow,P
enlist,P
possessive,P
stress,P
runny,P
pine,H
covert,P
knockout,P
stance,P
sunset,P
huff,P
salty,P
hunch,P
renowned,M
disruption,M
playwright,M
hazard,P
relive,M
needy,M
vertical,P
glimpse,P
membrane,P
sedate,P
structural,P
foam,P
billboard,M
sensor,M
temporary,P
preacher,M
faker,M
blush,P
cabaret,M
mend,P
kick,P
tough,P
local,P
pushy,M
merciless,M
spy,P
moist,P
coat,P
devote,P
penicillin,M
broom,P
scar,P
hoist,P
scourge,P
surgical,P
alcoholic,P
britches,M
execution,P
pound,H
mindless,P
tobacco,P
unicorn,M
tidy,P
metallic,P
appeal,P
vagina,P
assurance,P
destroyer,P
declare,P
wild,P
detect,P
popcorn,P
chicken,P
cloud,P
hearse,M
saucer,M
hyena,M
notch,P
nipple,P
controller,P
reborn,P
bunk,H
confer,P
landlady,P
domination,P
immigrant,P
academic,P
madness,P
plate,P
silly,P
mumps,M
tumble,P
raisin,M
lawsuit,M
customary,P
trumpet,P
squirrel,P
suspend,P
exchange,P
flavor,P
parole,P
glass,P
bunch,P
inspect,P
bum,P
telescope,P
large,P
variety,P
laceration,P
meantime,P
overhear,M
princess,P
sanctuary,P
astray,P
suitable,M
default,P
shield,P
programmer,M
writ,P
propose,P
rod,P
gutter,P
grapefruit,P
competent,P
chaos,P
impeccable,P
morphine,M
bus,H
scooter,P
rink,P
round,P
hamper,H
pressure,P
wacky,M
allow,P
withhold,P
colony,P
squeak,P
halfway,P
forward,P
assess,P
metal,P
drummer,P
strategy,P
reaper,P
hippie,M
farewell,P
vindictive,P
fly,H
scroll,P
bowl,H
lounge,P
meatball,P
headline,P
emperor,M
sketch,P
network,P
throttle,P
pledge,P
pregnancy,M
breed,P
flexible,P
pillar,P
continuous,M
barn,M
dinnertime,M
assailant,M
latch,P
bride,H
announce,P
appear,P
complete,P
yonder,P
delightful,M
conspiracy,P
coronary,P
epiphany,P
accordion,P
edgy,M
starboard,P
plaque,P
replica,P
propulsion,P
cowboy,P
nudity,M
witchcraft,P
turbulence,P
crust,P
tequila,M
bag,P
scarce,P
brewery,M
intercom,M
apology,P
chastity,P
intimacy,P
ornament,P
fancy,P
brothel,M
likelihood,P
politics,P
bind,P
dorm,M
goner,M
cranky,P
diploma,M
rhythmic,M
gunpoint,M
malicious,M
forecast,P
urinate,M
mambo,P
complicate,P
intuitive,P
contingent,P
stroll,P
mourn,P
comet,M
mocha,P
situation,P
vendetta,P
missionary,P
copilot,M
glucose,P
paste,H
drawer,P
skill,P
fossil,P
dominate,P
join,P
tout,P
sequence,P
deliver,P
succeed,P
snip,P
bellman,P
potty,P
vegetable,P
worthy,P
victorious,P
pillow,P
phenomenon,P
undermine,P
lap,H
corn,H
muffler,P
serenade,P
farmer,M
sleeve,P
wad,P
addiction,M
cosmic,P
chunky,P
funky,H
pet,H
ringer,H
temporal,H
confuse,P
testify,P
moot,P
persuasion,P
innocent,P
tragic,P
register,P
slump,P
scarf,H
marmalade,M
consume,P
rice,P
vector,P
pitcher,H
sterile,P
bestow,P
suffer,P
shorthand,P
logic,P
sling,H
unheard,P
intensive,P
diabetic,P
raffle,P
epileptic,P
profitable,P
lobby,P
furniture,M
standard,P
lash,H
amnesia,M
lovable,M
anthem,P
destroy,P
journalism,P
cowardly,P
jug,P
champion,P
guide,P
ballroom,M
optimistic,P
screwy,P
captive,P
opposition,P
plank,P
compatible,P
plug,P
volunteer,P
hearty,P
wool,P
divine,P
ideal,P
mystical,P
swordfish,M
fatigue,P
exception,P
department,P
chaser,P
quicksand,M
parental,M
coherent,P
corny,P
formation,P
planner,P
demonic,P
marker,P
diagnosis,P
prune,H
patriot,M
horrific,M
gain,P
scalp,P
bottle,P
mention,P
glee,P
errand,P
childhood,M
shake,P
reverence,P
limb,H
probation,P
seniority,P
checkbook,M
qualify,P
voodoo,P
coward,P
monthly,P
property,P
sundae,M
fashion,P
ecstatic,P
copper,P
manifest,P
hammer,P
queer,P
bumper,P
unknown,P
seduce,P
emissary,M
press,H
smoker,P
seizure,P
formula,P
uncanny,M
conversion,P
innocence,P
rascal,P
pertinent,M
aviation,M
venue,P
chase,H
paradox,P
user,P
insect,P
escape,P
gag,H
quota,P
lifeless,P
hubby,M
sunrise,P
refresh,P
meek,P
troll,H
snowy,P
breath,P
straighten,P
plight,H
organism,P
delay,P
exterior,P
cockpit,P
thoughtful,P
sage,H
twig,M
shrine,P
creepy,P
cinch,P
commerce,P
unpopular,P
garbage,P
alphabet,P
cannon,P
collect,P
bench,P
stiff,P
meadow,P
dishwasher,P
yap,P
cycle,P
player,P
bull,H
brave,P
aircraft,M
nip,H
amulet,M
cherish,P
format,P
dish,P
mockery,P
clerk,P
tuck,P
railroad,P
circus,P
stool,P
arsenic,P
dung,P
flake,P
stretcher,P
tread,P
wrestle,P
certain,P
tendency,P
beginner,M
cramp,H
microphone,M
spree,P
marrow,P
roar,P
haircut,P
pinpoint,P
momentum,P
clam,P
spread,P
howl,P
snail,P
embarrass,P
mouse,P
unpleasant,M
score,P
nature,P
cupcake,M
mime,P
splendor,P
femme,P
caffeine,M
wallpaper,P
apocalypse,P
trim,P
toupee,M
lime,H
chimney,P
assistance,P
active,P
incredible,P
disengage,P
patronize,P
cake,P
lightning,P
burial,M
scrutiny,P
handshake,M
implicate,M
typewriter,M
saliva,M
unite,P
damp,P
monologue,P
senseless,P
manpower,P
diplomatic,P
hopeless,P
dishonor,P
lazy,P
leukemia,M
supervise,M
mandatory,P
confusion,P
hick,M
python,P
cuisine,M
breathe,P
overrun,P
highway,P
projection,P
crusade,P
calculator,P
pry,H
knack,P
molten,P
fungus,P
homeland,M
wretched,P
rebound,P
looker,M
explore,P
spicy,P
chaotic,M
rabies,M
fiasco,M
loaf,H
courtroom,M
graveyard,M
tournament,P
puppy,P
voting,P
tempt,P
choir,P
booby,P
patrolman,M
hasty,P
muster,P
anticipate,P
bunker,P
nine,P
chummy,M
northwest,P
frame,P
honorary,P
stateside,M
saxophone,M
enzyme,M
kitten,P
jab,P
diagnose,P
lust,P
obstacle,M
posh,M
mailman,M
melancholy,P
alert,P
vinegar,M
bonnet,P
fiction,P
motherhood,P
deceive,P
duration,P
boutique,M
conductor,P
pulmonary,P
bubble,P
garlic,P
gymnasium,P
crossword,M
settlement,P
vet,H
courteous,M
sacrifice,P
aware,M
perverse,P
dreadful,P
separation,P
adrift,P
flute,P
stripper,P
handbook,M
trigger,P
malt,P
fury,P
drone,H
cipher,P
external,P
trait,M
puberty,M
racism,P
charter,P
endeavor,P
comply,M
disciple,P
lava,P
doodle,P
mysterious,P
absurd,P
static,P
uninvited,M
brush,H
memorable,P
shorten,P
purge,P
timid,P
unanimous,P
lovely,P
vodka,M
lunar,P
distraught,P
infinite,P
medallion,P
upholstery,P
haystack,M
coast,P
impulsive,P
typhoon,M
sauna,P
shipment,P
amaze,M
operation,P
survival,P
stature,P
perimeter,P
dolphin,P
feast,P
brook,H
consultant,P
poker,H
handcuff,P
bloke,M
teenage,M
item,P
inhuman,P
rhubarb,M
hometown,M
slander,P
presidency,P
fortress,M
hop,H
vaginal,M
underworld,P
mountain,P
idiotic,M
municipal,M
vague,P
indictment,P
firepower,P
parent,P
gibberish,M
roof,P
disperse,P
deprive,P
cordial,P
joyful,M
mortality,P
pot,H
irrational,P
trench,P
track,P
sparkle,P
inhaler,P
sly,P
deception,P
fiesta,M
attraction,P
rotate,P
firm,H
hoax,P
sufficient,M
haste,P
rotten,P
treasurer,M
yield,P
ammonia,P
optimism,P
scrub,H
repay,P
define,P
include,P
advertise,P
cocktail,H
envelope,P
duress,P
commitment,P
ban,H
trough,P
presume,P
matrimony,P
bossy,H
adjustment,P
lewd,P
leather,P
desk,P
actress,M
sideshow,P
replay,P
speculate,P
disco,P
dome,P
obsolete,P
exclusive,P
nursery,P
squat,P
comb,P
trader,P
elusive,P
grateful,P
starvation,P
fictional,P
mythology,P
springtime,P
lion,P
pineapple,P
induce,P
fan,H
pellet,P
river,P
rogue,P
beacon,P
hazardous,P
cute,P
definitive,P
livelihood,M
crisis,P
obsessive,M
profession,P
tip,H
groom,P
assist,P
adopt,P
fellowship,P
rubber,H
substitute,P
freestyle,P
poison,P
assembly,P
pulse,H
sorority,M
snake,P
manure,P
lad,P
sober,P
trot,P
frontier,P
mob,P
soothe,P
seasick,M
mishap,M
drinker,P
terrace,P
ballast,P
host,H
feed,P
repent,H
psychic,P
classic,P
parachute,P
persuasive,M
kimono,P
footage,P
threesome,M
incision,P
overall,P
tree,P
upbringing,M
disastrous,M
visible,P
suture,P
valor,M
crunch,P
cracker,P
workshop,P
senile,M
trauma,P
native,P
flattery,P
raid,P
trout,P
reactor,P
reef,H
noise,P
region,P
furnace,P
motto,P
ballistic,M
channel,P
racer,P
virginity,P
irony,P
dread,P
protein,M
dignity,P
heed,P
area,P
fruit,P
unholy,P
classical,P
ranch,P
security,P
sidewalk,M
pronounce,P
pimp,P
fusion,P
bleep,P
privacy,P
buggy,H
tramp,P
peril,P
serenity,M
opium,P
mutation,P
royal,P
outrage,P
cult,P
spill,H
seventh,P
govern,P
dormant,P
choose,P
vast,P
unlike,P
tense,H
invoice,P
origin,P
coma,H
apologize,P
greenhouse,M
optic,P
sniff,P
scholar,P
reader,P
residue,P
spinal,P
horrid,P
asylum,P
delusion,P
crease,P
botanical,P
wrist,P
superstar,M
earthquake,M
resolution,P
saucy,P
helmet,M
bedside,P
miracle,P
residency,P
obsession,P
carnage,M
swap,P
lyric,P
tuning,P
injure,P
skeleton,P
lake,M
tank,P
freaky,P
sugar,P
draft,P
bloodshed,M
larynx,M
connection,P
occult,P
pretend,P
winter,P
lifeguard,M
breach,P
intricate,M
stealth,M
hilarious,P
backside,P
rupture,P
jugular,P
incomplete,P
drag,P
institute,P
exceed,P
simulation,P
oppose,P
card,H
artillery,P
ghetto,P
blueprint,P
dirty,P
gang,H
hurl,P
daylight,P
pathway,M
bayonet,P
charade,P
chop,H
beef,P
maiden,P
wondrous,M
realm,P
rift,P
ruse,M
misery,P
jealousy,P
pompous,P
darkness,P
tanker,M
helper,M
chum,H
turban,P
wage,P
adoption,P
implement,P
afar,P
pointless,P
comedian,P
pony,P
pit,H
farm,P
subway,P
honorable,P
doubt,P
occasion,P
mild,P
drunken,P
bashful,P
gear,P
dark,P
potent,P
literature,P
trademark,P
oxide,M
prediction,P
pleasure,P
skateboard,P
definite,P
snowball,P
movement,P
treason,M
strengthen,P
sesame,P
summertime,M
carotid,P
attitude,P
homework,M
careless,P
delivery,P
smoke,P
hook,P
tit,H
dispute,P
brochure,M
adultery,M
account,P
stench,M
conquest,P
prick,P
blatant,P
goatee,M
gather,P
cocoon,P
sheep,P
helium,M
lettuce,P
fool,P
rave,P
stream,P
necktie,M
compulsion,P
tricky,P
worldly,P
decisive,P
hurtful,M
algebra,P
intake,P
mess,P
describe,P
flock,H
grab,P
sucker,P
den,P
encore,P
ambition,P
middle,P
feather,P
motel,M
drastic,P
fearful,P
nail,P
knit,P
confession,P
vicious,P
nest,P
dreamy,P
banish,P
irrelevant,M
hut,P
mower,M
backer,M
rhythm,P
instruct,P
perform,P
upstate,P
kit,P
filly,P
producer,P
blasphemy,M
monster,P
goofy,M
wildcat,P
perk,H
shaft,P
suck,P
primal,P
invasion,P
visa,P
differ,P
margin,P
recharge,P
explosion,P
disregard,P
biology,P
grievous,P
rear,H
counter,H
redneck,P
familiar,P
outfit,P
hunt,P
video,P
trash,P
meter,H
chopper,P
orchard,P
scatter,P
winner,M
mush,H
utility,P
undress,P
action,P
rut,H
melody,P
actor,P
chandelier,M
television,P
shag,H
borrow,P
futile,P
danger,P
habitat,P
script,P
curb,P
tile,P
battalion,P
strategic,P
prom,M
normal,P
diabetes,M
partial,P
mitt,P
fence,P
fork,P
lick,P
hillside,M
overcome,P
ravine,M
steer,H
hallway,P
cheat,P
single,P
shirt,M
flight,H
marital,M
mixer,P
thankful,M
muscle,P
behave,P
suitcase,M
price,P
glamorous,M
bowel,P
advance,P
curl,P
income,M
delete,M
cannibal,P
rendezvous,P
snow,P
issue,P
gorgeous,M
lump,P
cloth,P
preach,P
faith,P
doubtful,P
salute,P
sulfur,P
deed,P
heat,P
unbearable,M
geography,P
ambitious,P
wishful,M
noble,P
crystal,P
underwater,P
joust,P
spaghetti,P
pocket,P
locker,P
mental,P
clipper,P
jar,H
minimal,M
coin,P
rejoice,P
snapshot,M
giraffe,M
informal,P
inner,P
parakeet,M
attendance,P
utter,H
mankind,P
leopard,P
analyze,M
vulture,P
blob,P
deduction,P
cryptic,P
discard,P
beetle,H
pimple,M
seminar,P
effort,P
fish,P
dust,P
shortcut,P
lift,P
pig,P
molasses,M
violence,P
belt,P
uniform,P
homestead,P
revolver,P
apparent,P
arrest,P
loot,P
link,P
mortuary,P
solo,P
tutor,P
adore,P
floss,P
lawn,H
commodity,P
righteous,P
wagon,P
allowance,P
decorate,P
smack,H
chapel,P
marvel,P
furry,P
stag,P
observer,P
assemble,P
decode,P
box,H
orbit,P
microscope,M
figment,M
invasive,P
chloroform,P
laundry,P
commit,P
talisman,P
net,H
hike,P
slipper,M
biologist,M
erratic,P
civil,P
author,P
ruckus,M
meaningful,M
importance,P
venture,P
shovel,P
finish,P
discomfort,P
platoon,P
tire,H
garden,P
rearrange,P
deluxe,P
mangy,P
patron,P
goody,P
previous,P
outlet,P
comparison,P
unworthy,P
hostility,P
electric,P
smog,M
bathroom,P
sheer,H
insist,P
original,P
cheesecake,P
detonator,P
unprepared,P
ignite,P
spotlight,P
tuba,M
videotape,P
satellite,P
blacksmith,P
unfaithful,P
stage,P
multiple,P
protector,P
creep,P
debt,P
sharpen,M
nonsense,P
absolute,P
nasty,P
mermaid,M
flash,P
piggyback,P
blind,P
relic,P
billion,P
stock,P
messy,P
chemist,P
doorway,M
farmers,M
suit,P
seaweed,P
quake,P
literary,P
heartbreak,M
outlive,P
fountain,P
planet,P
lesbian,P
ticklish,P
vacation,P
bookie,M
secretive,M
necessary,P
ninth,P
blame,P
doorknob,M
mutt,M
height,P
sensual,P
contestant,P
jig,H
screwball,P
inquire,P
lunacy,P
gamble,P
cartoon,P
tunnel,P
notify,M
vessel,P
deuce,H
weapon,P
peroxide,P
contact,P
neutralize,P
slight,P
scapegoat,P
architect,P
stubborn,P
hideout,M
ruler,P
aerospace,P
maximum,P
signal,P
ramp,P
cargo,M
wrapped,P
custard,M
component,P
suspension,P
plague,P
code,P
loosen,P
generous,P
hypocrite,M
ham,H
exist,P
shout,P
bold,P
torture,P
consulate,P
wrecking,P
lacrosse,M
shampoo,P
mare,H
bundle,P
snag,P
vascular,M
carnal,P
method,P
terminate,P
blazer,M
approach,P
anchor,P
rattle,P
artifact,P
espresso,M
quit,P
slate,P
repair,H
reptile,P
create,P
foil,H
physician,P
leaky,P
rough,P
month,P
siren,P
indicate,P
currency,P
dispatch,P
jazz,M
incorrect,P
livestock,M
watermelon,P
ritual,P
interior,P
porch,P
unload,P
madhouse,P
extortion,P
mobilize,P
mercenary,P
statute,M
radius,P
camp,H
college,P
stalk,H
accord,P
perjury,M
survivor,P
kennel,P
unreal,P
spider,M
sweetheart,P
torso,P
animal,P
climb,P
detergent,P
slope,P
test,H
dedicate,P
weary,P
pace,H
painless,P
quiz,P
bankroll,P
hardware,P
snappy,P
tabloid,P
slogan,M
ordinary,P
malaria,M
gutless,M
marvelous,P
gravel,P
demeanor,P
thermal,P
spaceship,M
runway,P
layer,P
disaster,P
mile,P
decree,P
intrude,P
suggestion,P
devour,P
shiny,P
puffy,P
sanity,P
tend,H
philosophy,P
bite,P
resident,P
fraud,P
globe,P
sled,P
hat,P
alley,H
uptown,P
tattoo,H
loophole,P
eerie,M
overweight,P
alimony,P
canoe,P
teller,P
boost,P
tribunal,P
soap,P
choke,P
bridegroom,M
thug,M
apron,P
homey,M
treachery,P
verdict,P
liquor,P
discipline,P
dominant,P
heavenly,P
aptitude,P
charger,P
canteen,P
newcomer,M
hygiene,P
switch,P
driveway,M
trivial,M
wig,P
solitaire,P
eyewitness,P
sad,P
smelly,M
dislike,P
ridiculous,M
impetuous,P
dubious,P
spotless,P
bikini,M
viable,P
triangle,P
scorpion,P
civic,P
homeless,P
catalog,P
chef,M
pout,H
symbolic,P
celebrity,P
agree,P
cry,P
expensive,P
pamphlet,M
renegade,P
bop,H
rank,H
stray,P
concept,P
absorb,P
laughter,P
referee,P
available,P
upside,P
indecent,M
load,P
factory,M
moonlight,P
lighten,H
rebuild,P
sedan,P
moron,P
trashy,M
forehead,P
overalls,P
extraction,P
alcohol,P
completion,P
remake,P
server,P
chuckle,P
bulb,P
passport,P
maroon,H
shaky,P
jumper,H
expert,P
disease,P
motivation,P
wise,H
historical,P
petrol,M
parallel,P
drown,P
egghead,M
foolproof,P
clover,P
committee,M
crap,M
bloodbath,P
raccoon,P
pearly,P
pointer,P
cab,H
swipe,P
analogy,P
shame,P
disobey,M
list,H
judicial,P
curve,P
twirl,P
trolley,P
frantic,P
weatherman,M
slice,P
function,P
spin,P
graceful,M
albino,M
drought,P
abortion,P
downtown,P
expression,P
sheet,H
icy,P
surgery,P
risk,P
shallow,P
squadron,P
bandage,P
mast,H
crest,P
decline,P
peck,H
legacy,P
unkind,M
carton,P
endorse,P
achieve,P
gem,P
habit,P
dope,P
speedy,M
glum,P
ponder,P
extinct,P
germ,P
refuge,P
favor,P
swim,P
weed,H
mobile,P
rudder,P
membership,P
exhibit,P
masquerade,P
runaway,P
ceramic,P
tragedy,P
commentary,P
argument,P
stable,H
suction,P
demise,P
enema,P
dense,P
fund,P
wholesome,P
paycheck,P
crib,P
summon,P
modern,P
tempo,P
crusty,P
patience,P
brood,P
vanilla,P
scare,P
thread,P
impotent,P
airline,P
neck,P
rob,P
vine,P
toxic,P
unrest,M
infantry,M
imagine,P
display,P
discourage,P
member,P
artery,P
trusty,P
smear,P
acre,P
wedge,P
sticker,P
rig,P
secrecy,P
occupy,P
perceive,P
prosecutor,P
defendant,P
joint,P
benign,P
teach,P
grovel,P
warm,P
rifle,H
decadent,P
pond,M
impose,P
wars,P
skate,H
anecdote,M
pluck,P
campus,M
stroke,P
booth,P
offend,P
vacuum,P
mandate,P
disrespect,P
hostess,P
above,P
civilian,P
affidavit,M
fussy,P
pest,P
defy,P
juggle,P
comic,P
convention,P
doom,P
hump,P
onion,P
hysteria,P
bracelet,M
source,P
stead,M
bondage,P
gunman,M
fake,P
upbeat,P
cruiser,P
insight,P
journey,P
develop,P
vending,P
snitch,M
profile,P
zap,P
ugly,P
intact,M
laugh,P
boat,P
consult,P
equivalent,P
upstanding,P
century,P
scum,P
neurotic,P
dealer,P
chain,P
asteroid,M
classy,M
poisonous,P
sweep,P
matinee,M
brazen,P
tractor,P
relish,P
revenge,P
airspace,P
upcoming,M
arch,H
visualize,P
crispy,P
useless,P
nut,P
fasten,P
spatula,M
shuttle,P
nitrogen,P
sofa,M
prairie,M
afford,P
escalator,M
shank,P
trillion,P
closet,P
measles,P
cholera,M
solitude,P
butler,M
cop,H
capitalist,P
whorehouse,M
leadership,P
thud,P
vaccine,P
asset,P
chimp,M
penetrate,P
volcanic,P
sanctity,P
harmonica,M
expedition,P
gravy,P
casino,P
floppy,P
treaty,P
regiment,P
dare,P
dishonest,P
mix,P
croak,P
dynamite,P
pizza,M
arrogant,P
sentry,M
comprehend,P
canopy,P
crater,P
thermos,P
deaf,P
palace,P
schematic,P
injustice,P
nuclear,P
page,H
wilt,P
writer,P
bleak,H
souvenir,M
provoke,P
unhealthy,P
ultimatum,M
tart,H
overtime,P
tyranny,P
audition,P
sire,P
summer,P
coleslaw,M
glare,H
ticker,P
mortar,H
lecture,P
insomnia,M
flunk,P
spend,P
prosper,M
concession,P
screw,P
guru,P
recital,P
sentence,P
blossom,P
amount,P
comment,P
await,P
drunkard,M
stuffy,P
dime,M
impressive,M
settle,H
detention,P
reprieve,P
decoration,P
digestion,P
hopeful,P
relaxation,P
budget,P
sloppy,P
technician,P
grain,P
disconnect,P
bypass,P
swear,P
junk,H
poster,M
sickness,P
athletic,P
exercise,P
widow,P
seafood,M
breakfast,P
outbreak,P
snob,P
capture,P
assign,P
horseshoe,P
calf,H
cynical,P
hunk,P
remorse,M
arouse,P
provide,P
pill,P
bottom,P
quadrant,P
respectful,M
sod,P
accountant,M
smell,P
sneeze,P
tango,P
burst,P
literal,P
dame,P
fellow,P
giddy,P
quaint,P
thief,M
surreal,P
gauze,P
moisture,M
grotesque,P
shape,P
pretzel,P
penal,P
brunette,P
temper,P
frown,P
category,M
bonus,P
harmful,M
dab,H
attend,P
manhood,P
hatchet,P
bedroom,M
field,P
basin,P
intense,P
weirdo,M
cloudy,P
cortex,P
riddance,M
maple,P
distract,P
freight,P
cocky,M
nod,P
horrible,P
orchid,P
scenic,P
waitress,M
command,P
violin,M
fret,H
element,P
hypnotic,P
liable,P
overcoat,M
cavity,M
impression,P
vent,P
stepmother,M
nomination,M
walnut,P
grieve,P
tribute,P
yearbook,P
wager,P
inventory,P
wiggle,P
aggressive,P
bamboo,P
ridicule,P
clown,P
hassle,P
sauerkraut,M
bribery,M
hydraulic,P
chocolate,P
volume,P
plantation,P
lamp,P
speaker,P
shelter,P
salary,M
vanish,P
prodigal,P
fanatic,P
pipeline,P
eyeliner,M
leech,P
jeopardy,M
scalpel,M
notebook,M
driver,P
sympathy,P
justify,P
twitch,P
priest,P
reap,P
communion,P
ladder,P
piss,P
defeat,P
custody,P
bitter,P
maintain,P
dainty,P
dismissal,P
polyester,M
fuzz,M
medium,P
vibrate,P
tact,M
former,H
doll,P
scuba,P
rail,H
caterer,M
slab,P
potion,M
musical,P
turnout,P
guilty,P
divide,P
landmark,P
residence,P
blade,P
buttermilk,P
comfort,P
blueberry,P
rise,P
ocean,P
dribble,P
swimsuit,M
nurse,P
bedtime,M
repulsive,P
starch,P
spank,H
downright,P
undo,P
stupidity,P
unstable,P
strive,P
horoscope,P
gloat,P
stew,P
umpire,P
flat,H
cube,H
mango,M
ballot,P
submit,P
navigator,M
nowadays,P
wrath,P
mound,P
leap,P
inhale,P
bayou,M
redo,P
sponge,P
spell,H
successful,P
adversary,M
charcoal,P
attachment,P
teeny,M
resource,P
invite,P
threaten,P
girdle,P
rookie,P
demented,P
snatch,P
snack,P
clock,H
terrible,P
contempt,P
film,P
observant,P
plead,P
ribbon,P
mint,H
dizzy,P
smooth,P
spice,P
awaken,P
minimum,P
excitement,P
ghastly,P
parasite,P
wallet,M
nephew,M
oppression,P
waffle,H
fighter,P
clap,P
catchy,P
slob,M
imply,P
fit,H
parrot,P
diarrhea,M
conclude,P
lumbar,P
applause,P
grinder,P
breast,P
ego,P
cadaver,M
policy,H
private,P
mystery,P
hose,P
boa,P
clearance,P
genius,P
boil,H
idiot,P
meal,H
neat,P
cupboard,M
folk,P
suggest,P
extensive,P
mushy,P
vomit,P
daytime,M
scrawny,M
prostate,P
horizontal,M
watchdog,P
fuss,P
fiber,P
fame,P
mule,H
lagoon,P
crank,P
immediate,P
armory,P
letter,P
distant,P
shrink,P
upward,P
dip,P
functional,P
chest,P
streetcar,M
carefree,M
slot,P
campfire,P
intestine,P
linen,P
value,P
beg,P
shoulder,P
cheerful,P
premise,P
jury,P
ammo,M
roast,P
restore,P
classroom,M
millimeter,M
defective,P
humidity,P
dwarf,P
shroud,P
genetic,P
assassin,P
cheek,P
appetite,P
recommend,P
powerful,P
consistent,P
serene,P
squeaky,M
spunk,P
wreath,P
worldwide,P
teacher,M
fleet,H
improper,P
puddle,P
despair,P
undertaker,P
purgatory,P
dirt,P
morbid,P
pupil,H
spatter,P
oasis,P
serum,P
silk,P
pooch,M
smash,P
handsome,P
criticism,P
telegram,M
accelerate,P
trifle,P
drift,P
slit,P
intend,P
obvious,P
defiance,P
bran,M
candle,P
chore,P
ignore,M
regal,P
initial,P
underpants,M
frontal,P
hunger,P
liberate,P
caramel,P
windmill,P
usher,P
roller,P
captivity,P
testimony,P
venom,P
darn,H
manger,M
outdoor,M
hooker,H
raft,H
clutch,H
outlook,P
ketchup,M
equation,P
novel,H
salad,P
newspaper,P
flask,P
sash,H
toothpaste,M
corrupt,P
nuisance,M
disagree,P
racehorse,M
prostitute,P
station,P
entrance,H
collision,P
signature,P
ridge,P
merit,P
bless,P
hatch,H
iodine,P
humorous,P
manual,P
hangover,M
undetected,M
session,P
freak,H
gum,H
ignorant,P
invoke,P
curse,P
feud,P
slang,P
dungeon,M
allergy,M
watchman,M
prompt,P
piranha,M
downstream,P
radiation,P
groove,P
confide,P
brag,P
theme,P
election,P
karate,M
extension,P
sky,P
damnation,P
yen,H
cathedral,P
sector,P
imbalance,P
prophecy,P
lateral,P
cardboard,M
pursue,P
discover,P
heartless,M
zip,H
alligator,M
dedication,P
ownership,P
crutch,P
gross,P
landlord,P
behalf,P
sorcerer,M
fist,P
clubhouse,M
successor,M
coil,H
godmother,M
bait,P
activate,P
difficult,P
vicar,P
descendant,P
tiara,P
slack,H
bleed,P
valve,P
express,P
midnight,P
volatile,P
sudden,P
taste,P
tub,P
pencil,P
blend,P
survive,P
prognosis,P
oversight,P
riot,P
tent,P
polite,P
vacate,P
hag,P
vaudeville,M
shower,H
scold,P
uptight,P
ruthless,M
historic,P
suitor,P
convenient,P
gout,P
tolerant,P
pool,H
consul,P
hardship,P
tardy,P
memento,M
icebox,P
belief,P
locksmith,M
polar,P
handful,P
picky,M
sunglasses,M
rumble,P
obey,P
tofu,M
stunt,H
scream,P
coaster,P
cash,P
mode,H
aspire,M
forum,P
oblige,P
adjourn,P
posse,P
obscenity,P
swarm,H
compete,P
arterial,P
pharmacist,M
footprint,M
swell,P
memo,M
motor,P
maze,P
print,P
patio,P
oblivious,P
stump,P
demo,P
downstairs,P
lunchtime,M
bird,P
sniper,P
hitch,H
unfriendly,P
tortoise,P
tomb,P
scarecrow,P
phase,P
flop,P
rooster,M
horror,P
compassion,M
confess,P
condemn,P
unleash,M
newsstand,M
deodorant,P
tension,P
homesick,M
football,P
thong,P
poodle,M
dangerous,M
spokesman,M
study,P
vault,H
pioneer,P
explode,P
distinct,P
crummy,P
choice,P
residual,P
carnival,P
slop,P
secretary,P
thump,P
coalition,P
vest,P
fireplace,P
measure,P
pyramid,P
duck,H
foot,P
dictionary,P
disguise,P
mosquito,M
butter,P
condom,M
horizon,P
siege,P
blaze,H
student,P
sinful,P
build,P
incident,P
aside,P
unlikely,P
picnic,P
pasture,P
group,P
precious,P
depot,P
reconcile,P
portal,P
outdoors,P
toil,H
violation,P
monitor,P
dilemma,P
ethic,P
gadget,M
sample,P
donation,P
staple,H
drain,P
bodily,P
buffer,H
generator,P
success,P
witness,P
thumb,P
velvet,P
stingy,P
parade,P
necklace,M
doghouse,M
lucrative,M
arise,P
anal,P
hairdo,M
cook,P
carpet,P
highlight,P
commend,P
grizzly,P
abnormal,M
crotch,M
blank,P
funk,H
rampage,P
pagan,P
enhance,M
dopey,P
shaker,P
sarcastic,P
phrase,P
perfection,P
scripture,P
sociable,P
knuckle,P
trainee,M
shatter,P
quarrel,P
dummy,P
pretext,M
bridge,H
astute,M
grind,P
puzzle,P
skunk,P
viewer,P
jest,P
compliment,P
terrorist,P
hoot,P
formal,P
pilot,P
harsh,P
simple,P
bastard,P
sweatshirt,M
gel,P
monastery,M
belly,P
traffic,P
kinky,P
rash,H
chivalry,P
assault,P
cross,P
thesis,P
style,P
pad,H
oatmeal,P
facial,P
delight,P
ether,P
trapeze,M
postmortem,P
solemn,P
stomach,P
feeble,P
diaper,P
syndrome,P
expertise,M
army,P
roadside,P
tribe,P
appetizer,M
opinion,P
float,P
challenge,P
transplant,P
lonely,P
bliss,P
sauce,P
conqueror,M
commence,M
goof,P
wrongful,P
contagious,P
galley,P
diplomacy,P
inventor,M
tradition,P
cheap,P
fantastic,P
delicious,P
frail,H
funnel,P
immense,P
childbirth,M
hedge,P
brawl,P
solitary,P
uncertain,P
depression,P
gallant,P
temptation,P
jail,P
spectacle,P
depend,P
diner,P
composer,M
quail,H
space,P
slum,P
hip,H
fix,P
persist,P
postal,P
outrun,P
serve,P
range,P
foolish,P
amnesty,P
dresser,H
curfew,P
reflex,P
vandalism,M
pathology,P
explosive,P
client,P
immune,P
thrive,P
synthetic,P
ballad,P
blah,P
sordid,P
compromise,P
dagger,P
cucumber,P
illness,P
sketchy,P
calcium,P
bulk,P
inflict,P
iceberg,P
delirious,P
arm,H
vanishing,P
cease,P
faucet,M
shudder,P
arcade,P
clueless,M
mission,P
campaign,P
secondary,P
clitoris,M
uneasy,P
anxiety,P
savior,P
clarify,P
acute,P
columnist,M
gallows,P
patent,P
muddy,P
thunder,P
pose,H
bounce,P
total,P
lesson,P
judge,P
female,P
scrapbook,M
scenario,P
offense,P
pistol,P
hamster,M
dissolve,P
chick,P
squash,H
amusement,P
gazelle,M
veal,P
pile,H
loser,P
boast,P
clasp,P
proximity,M
varsity,P
sensory,P
permission,P
lover,P
starter,P
pro,H
sleeper,P
poverty,P
random,P
chorus,P
lethal,M
masturbate,P
indoor,M
projector,M
staff,H
unattended,M
torch,P
smug,M
magnitude,P
official,P
alignment,P
obtain,P
tidings,M
gown,P
blackjack,P
fathom,P
sodium,M
outrageous,P
plunge,P
coach,P
rude,P
church,P
assignment,P
ominous,P
rock,H
offensive,P
strawberry,P
attendant,P
invitation,P
gossip,P
gloss,H
mistletoe,P
rot,P
possess,P
disable,P
lottery,P
invaluable,M
jiffy,M
dialect,P
hermit,P
token,P
telephone,P
complain,P
atop,P
horsepower,P
famine,M
waterfront,P
orphan,P
harp,P
weaponry,P
accomplice,M
folly,P
joke,P
bald,P
fuzzy,P
visionary,P
turf,P
montage,P
sword,P
paperwork,M
library,P
abusive,P
third,P
nightfall,M
thermostat,M
sprinkle,P
obscure,P
unfamiliar,P
ferret,P
complaint,P
inch,P
banker,H
marksman,M
shaman,M
convince,M
peasant,P
fiery,P
entire,P
rump,P
file,H
admiration,P
awake,P
masculine,P
toast,H
outpost,P
reaction,P
quest,P
yogurt,M
common,P
fluff,P
rich,P
mistress,P
reload,M
subversive,P
aroma,P
model,P
social,P
unsolved,M
pregnant,P
disturb,P
governess,M
playback,P
peel,H
cleanse,P
puff,P
overdose,P
heartache,M
brain,P
cigarette,M
grief,P
bungalow,M
plausible,P
conception,P
heresy,P
union,P
wartime,M
bathe,P
bribe,P
infernal,P
uncharted,M
avoid,P
sweetie,M
greed,M
short,P
trailer,P
booze,P
lobe,P
borough,P
negative,P
sonar,P
bicycle,P
hijack,P
circular,P
criminal,P
creature,P
farmhouse,M
heaven,P
persistent,P
chap,H
avocado,P
sneak,P
swine,P
organ,P
urgency,P
nifty,M
imminent,M
psychosis,M
playmate,M
voice,P
jumpy,P
memory,P
lumber,H
broadcast,P
offspring,P
gunshot,P
famous,P
dialogue,P
blackmail,P
speck,P
pickle,P
unhappy,P
democracy,P
lid,P
tropical,P
legitimate,P
loyal,M
comfy,M
retract,P
balcony,P
combo,P
libel,P
friction,P
canvas,P
bearer,P
ornery,M
aftermath,P
domain,P
baseball,P
smuggle,P
growth,P
putter,H
thirst,P
instant,P
esteem,P
crown,P
gold,P
insurance,P
merchant,P
shrapnel,P
cavern,P
satin,P
riddle,H
structure,P
double,P
kingpin,P
copy,P
error,P
crab,H
rental,P
deduct,P
symptom,P
ghost,P
assumption,P
filter,P
gasp,P
festive,P
faithful,P
flashback,P
upper,P
slip,H
milk,P
armada,P
album,P
lingo,M
criticize,P
tingle,P
cheese,P
vampire,P
penance,P
gymnastics,P
autumn,M
noisy,P
juror,P
tower,H
fingernail,M
humility,M
cave,P
magazine,P
brat,M
crush,P
fatal,P
aggression,P
gallon,P
leg,P
arena,P
attentive,P
trail,P
ferocious,P
silverware,P
gateway,P
sinner,M
oven,M
arrogance,P
unwind,P
coronation,M
barge,P
sand,P
purchase,P
tan,P
flinch,P
tangle,P
housework,M
hover,P
tumor,P
snoop,P
slam,H
relentless,P
moral,P
ditch,P
flesh,P
dim,P
instinct,P
demand,P
royalty,P
irregular,P
biography,P
optical,P
detain,P
pub,M
crumb,P
extent,P
deploy,P
lunatic,P
barbecue,P
orderly,P
index,P
cuddle,P
dangle,P
trousers,M
grave,H
payday,M
dent,H
anarchy,P
frisk,P
buckle,P
orgy,P
render,P
debrief,M
beer,P
titanium,M
oyster,P
cousin,P
jolt,P
retail,P
guard,P
bolt,H
mortal,P
squawk,P
omelet,M
phenomenal,P
envy,P
knob,P
zing,P
opponent,M
meditation,P
operator,P
afloat,P
chart,P
dry,P
ample,M
evidence,P
crack,P
stepfather,M
exhaustion,P
sincere,P
concierge,M
juice,P
couch,P
regulation,P
industry,P
prodigy,P
freedom,P
stripe,H
butcher,P
inspection,P
beast,P
confidence,P
unnatural,P
eggplant,M
horse,P
defensive,P
agreeable,P
exclude,P
supper,P
purple,P
unnoticed,M
anatomy,P
traitor,M
obligation,P
hum,P
fifty,P
secure,P
dismiss,P
view,P
chapter,P
sweater,P
faraway,P
loss,P
inflation,P
fiddle,P
shine,P
foul,P
nag,H
drama,P
soldier,P
racial,P
beam,P
plant,P
deny,P
smallpox,M
handyman,M
peach,P
phonograph,M
ludicrous,M
syphilis,M
bluff,H
mall,P
courthouse,M
elope,P
gangster,M
manicure,P
vile,P
spectrum,P
sip,P
consent,P
proverbial,P
apprehend,P
influence,P
league,H
loft,P
shove,P
luscious,P
passion,P
pep,P
cockeyed,P
instance,P
prolong,P
slave,P
imitate,P
raspberry,P
luxurious,P
disclose,P
humane,P
sexual,P
nitrate,P
redhead,P
cautious,M
streak,P
savvy,P
inland,P
disapprove,P
solve,P
continuum,P
inherit,P
honest,P
franchise,P
strict,P
portfolio,P
rack,H
mood,H
specimen,P
queen,P
shop,P
nook,M
executive,P
fabric,P
fraction,P
stumble,P
promoter,P
concur,P
occurrence,P
deadline,P
stain,P
withstand,P
jellyfish,P
select,P
groupie,M
rodent,P
peninsula,M
abrupt,P
dude,P
soot,P
jungle,P
frivolous,P
hereafter,P
mayhem,P
revelation,P
railway,P
memorize,M
potato,P
multiply,H
crucial,M
collection,P
unfold,P
outlaw,P
island,P
steamer,P
virgin,P
reconsider,P
gate,P
liege,P
bouquet,P
diaphragm,P
confident,P
delicate,P
bid,P
marriage,P
attention,P
uncommon,P
massage,P
fever,P
brick,P
span,H
stabilize,P
saddle,P
deficiency,P
blink,P
grip,P
prudent,P
podium,M
diameter,P
informant,M
career,P
discussion,M
notorious,M
funeral,P
aspect,P
chess,H
heroic,P
surplus,P
stairwell,M
rush,H
cattle,M
fresh,P
tiger,P
invisible,P
probe,P
saloon,P
sandbox,M
nasal,P
communism,P
relation,P
seaboard,M
storm,P
attempt,P
exquisite,P
shotgun,M
alarm,P
traction,P
blunt,P
sidekick,P
rainbow,P
forfeit,P
fireworks,P
chariot,P
hideaway,P
macaroni,M
pretender,P
hairline,P
ponytail,M
birth,P
involve,P
bruise,P
groin,P
sermon,P
trainer,P
suffocate,P
piston,M
freighter,P
panda,P
shawl,M
info,M
breather,P
truthful,P
routine,P
unsafe,P
realistic,P
plutonium,M
canary,P
paddle,P
atom,P
celebrate,P
baptism,P
corpus,P
twist,P
apply,P
nocturnal,P
prepare,P
priceless,P
appoint,P
juicy,P
jiggle,P
sushi,M
incubator,P
squad,M
orphanage,M
unique,P
wrinkle,H
excellent,M
madman,M
compare,P
spine,P
lively,P
happiness,P
suicidal,P
sundown,M
crash,H
cover,P
steep,H
primary,P
kamikaze,M
reunion,P
companion,P
unspoken,P
catcher,P
helpless,P
occasional,P
motorcycle,P
wallow,P
spit,H
tyrant,P
tuxedo,P
belong,P
pup,P
excrement,M
deficit,M
tribal,M
liner,H
jeep,P
ecstasy,P
hack,H
hound,P
mutiny,P
triumphant,P
grudge,P
shadowy,P
begin,P
afternoon,P
attorney,M
engineer,P
fruitcake,P
decision,P
statement,P
moat,M
expel,P
zoom,P
cinema,P
lifetime,P
snowman,M
immortal,P
accuracy,M
pox,P
gent,M
pebble,P
refrain,H
surf,P
rebirth,P
tone,P
hamburger,M
naughty,P
presence,P
missile,P
gorge,P
sailor,P
decide,P
fail,P
banquet,P
domestic,P
tug,P
authority,P
brunch,P
abide,P
elbow,P
land,P
pun,P
sunlight,M
invincible,M
tedious,M
amigo,M
sock,H
experience,P
acid,P
relocate,P
fluke,H
urgent,P
intrusion,P
slavery,P
vinyl,M
purse,P
airplane,M
naive,P
override,P
symbol,P
ulcer,P
speechless,P
certainty,P
lavender,P
unpaid,M
distress,P
suspicious,P
deep,P
stow,P
slug,H
ethnic,P
scoop,P
corkscrew,P
sperm,H
access,P
caretaker,P
condition,P
epilepsy,M
ton,P
assume,P
slimy,P
dunk,P
volleyball,P
stun,P
warden,P
verify,M
omen,P
stir,H
grumpy,M
accessory,P
unaware,P
locate,P
psyche,P
ballistics,P
proverb,P
stamp,P
goat,P
relevant,P
race,H
decent,P
diagram,P
piggy,P
indigenous,M
clientele,M
pollen,M
debutante,M
badger,P
lens,P
dump,P
tonic,P
ripe,P
penguin,M
horny,P
bloody,P
backstage,P
rival,P
predator,P
burglary,M
attractive,P
broker,M
detection,P
maggot,P
alien,P
lobster,P
fanfare,P
tuition,P
behavior,P
breeze,P
numb,P
chump,H
accessible,P
texture,P
upstairs,P
deck,P
fold,H
trailing,P
motion,P
bush,H
garter,P
compose,P
spouse,M
devil,P
sleepy,P
assessment,P
void,P
closure,P
pelvic,M
concubine,P
cultural,M
distribute,P
merge,P
bright,P
kidney,P
rebellion,P
fluent,P
stall,H
altitude,P
cigar,M
flip,H
pancake,P
gourmet,P
boredom,M
wholesale,P
gallery,P
disposable,P
pipe,H
humiliate,M
triumph,P
monk,M
salon,P
cynic,M
sinus,P
mechanical,P
thin,P
wicked,P
iron,P
publicist,M
terrorism,M
nugget,P
cage,P
vitamin,M
asthma,M
nickel,P
atomic,P
metaphor,M
afterlife,P
queasy,P
hussy,P
trucker,P
blitz,P
mouthful,P
orgasm,M
sleepless,P
chatty,P
toss,P
servant,P
keel,P
intimidate,P
charity,P
match,H
buff,H
larger,P
councilman,M
serpent,M
petroleum,M
crowbar,M
collapse,P
reproduce,P
grammar,P
giggle,P
nylon,P
supportive,M
mailbox,P
inject,P
window,P
prison,P
throat,P
hint,P
implore,P
topless,P
pantry,P
blur,P
golden,P
ordinance,M
bravery,P
authorize,P
battle,P
groovy,M
testament,P
deviant,P
salvation,P
infectious,P
ensemble,P
meticulous,M
rooftop,M
bookkeeper,M
orchestra,P
spear,H
twilight,P
rare,H
filth,P
aversion,P
lithium,P
spinach,M
scientific,P
sincerity,M
policeman,M
hepatitis,M
cripple,P
loathe,M
gunpowder,M
goalie,M
greet,P
improve,P
imperial,H
headstone,M
inform,P
daily,P
plea,P
trio,P
rid,M
master,P
sultan,P
crude,P
sophomore,P
understudy,P
vintage,P
slap,P
contain,P
facility,P
gesture,P
soccer,M
reckless,P
selection,P
title,P
conceive,P
knife,P
organize,P
swab,P
childish,P
tycoon,M
persuade,P
tolerance,P
burglar,M
atmosphere,P
hectic,P
youth,P
rub,P
faint,P
dancer,M
pubic,M
bridesmaid,M
menopause,M
reckon,P
infect,P
heroism,M
aorta,M
trap,H
courtyard,M
spasm,P
circle,P
flatten,P
intention,P
boot,P
canal,P
spot,P
proud,P
ambulance,M
faulty,M
artificial,P
quart,P
corner,P
harmless,M
yawn,P
tape,P
bland,P
objective,P
tin,P
handy,P
gardener,P
enemy,P
finger,P
rape,H
hustle,P
caress,P
theft,M
bomber,P
ungrateful,M
capsule,P
balance,P
conquer,P
commission,P
rib,H
fertilizer,P
crime,P
twinkle,P
rat,P
shade,P
youthful,P
risky,M
cider,M
cinnamon,P
heartfelt,M
jive,P
painful,P
drape,P
persona,M
chronic,P
illusion,P
stem,H
nightmare,P
yell,P
tilt,P
lodge,P
excite,P
slut,P
spruce,H
informer,M
butterfly,P
puny,M
pal,P
cork,P
snuff,H
ogre,P
underneath,P
appearance,P
cushion,P
squint,P
platform,P
foggy,P
hen,M
skirt,P
allergic,P
limp,H
splash,P
note,P
sensible,P
headless,P
rescue,P
paradise,P
annulment,P
verse,H
melt,P
brand,P
verbal,P
punishment,P
avenge,P
owner,M
migraine,M
unmarked,M
blockade,P
chitchat,P
leash,P
strain,H
periscope,M
magnetic,P
edema,M
candy,P
insolent,M
castle,P
sin,H
oral,P
poultry,M
transition,M
retraction,P
inmate,M
quartet,P
washed,P
maneuver,P
pastry,P
snot,P
martyr,P
recent,P
eulogy,M
magnet,P
example,P
femur,P
plump,H
demon,P
zipper,P
stormy,P
initiate,P
intent,H
kingdom,P
elective,P
tidal,P
ceremony,P
leader,P
eliminate,P
hangman,M
kindly,P
roulette,P
brief,P
unpack,P
airway,P
banter,P
mansion,P
dormitory,P
bun,P
possession,P
blackboard,M
teenager,M
broad,P
thick,P
brute,P
ploy,M
gloomy,P
mackerel,P
lizard,P
ransom,P
pap,P
clone,P
section,P
muck,P
wooden,P
heartbeat,M
karma,P
sturdy,P
output,P
dive,P
smile,P
shelf,P
product,P
frighten,P
worm,P
eldest,M
ointment,M
chunk,P
equity,P
glance,P
vermin,P
collar,P
collateral,P
toothpick,M
meteor,M
martini,M
physical,P
windshield,P
berserk,P
filthy,P
benefactor,M
rubble,P
timber,P
neon,P
colleague,M
publish,P
angry,P
jerky,H
cobbler,P
depth,P
screen,P
arrange,P
penny,P
acquire,P
herring,P
cactus,M
ratio,P
borderline,P
bend,P
cancel,P
squirt,P
mayonnaise,M
chat,P
manic,M
renew,P
wardrobe,P
cunning,P
thriller,P
promote,P
liberty,P
vibrant,P
term,P
tar,H
cup,P
lawman,M
dynamic,P
spa,P
jackass,P
drugstore,M
transit,P
alloy,P
atheist,M
shuffle,P
rust,P
bone,P
airstrip,M
indication,P
huddle,P
mutual,P
coffin,M
annual,P
poop,H
carbon,P
tiresome,P
octopus,P
spout,P
dibs,P
malignant,P
illegal,P
map,P
jeopardize,M
roommate,M
explicit,P
nearby,P
universal,P
precision,P
everyday,P
untold,P
bake,P
disappoint,P
ingenious,P
pride,P
bat,H
passive,P
version,P
thirsty,P
equipment,P
disgust,P
organic,P
launch,H
latex,P
clue,P
modest,P
novelist,M
beige,M
tap,H
courageous,M
bounty,P
nerve,P
brew,P
balloon,P
hillbilly,P
neighbor,P
pepperoni,M
volcano,P
instructor,M
worthwhile,M
photograph,P
safari,P
startle,P
rubbish,P
devious,P
shrewd,M
unwanted,M
poetry,P
flick,P
sculpture,P
burden,H
dependent,P
enjoyable,M
bandit,P
commotion,P
nausea,P
pitiful,P
rum,M
sedative,P
dowry,P
impostor,M
internal,P
prejudice,P
conclusion,P
shock,H
horde,P
menu,P
citation,P
factor,P
technology,P
arrival,P
weakness,P
distortion,P
claim,P
dusk,M
miraculous,P
snort,P
fragrance,P
wilderness,P
bra,M
swing,P
rodeo,M
turnip,P
ozone,M
bash,P
psychopath,M
energetic,P
resolve,P
string,P
attract,P
hemisphere,P
colossal,M
ordeal,P
luxury,P
embassy,P
glove,P
personal,P
claw,P
mannequin,P
nudge,P
washroom,M
rally,H
estate,P
stomp,P
cellular,P
rehearse,P
safety,P
unwilling,P
bias,P
clip,H
critic,P
mayor,M
foremost,M
lobotomy,M
machine,P
honesty,P
proportion,P
genie,M
sharp,P
plaid,P
smother,P
airport,M
liter,M
rate,H
bonfire,M
yoga,P
tablet,P
duffel,P
prone,P
calendar,P
pawn,H
limbo,H
background,P
endless,P
tag,H
backbone,P
arsenal,P
division,P
needle,P
hobo,P
exaggerate,P
occupation,P
roach,H
attach,P
catfish,M
slick,H
affliction,M
mystic,P
majority,P
seat,P
yarn,P
outburst,M
diamond,P
lipstick,M
bead,P
staircase,M
enlighten,M
medicine,P
penalty,P
oblivion,P
district,P
hydrant,M
baboon,M
unmarried,M
holler,P
platonic,P
nap,H
pattern,P
banjo,M
warehouse,P
exotic,P
valet,P
edit,P
dodo,P
sap,H
elegant,P
speed,P
molecular,M
wax,H
sapphire,P
camel,M
system,P
freshen,P
anthrax,P
silent,P
checkup,M
weaken,P
chatter,P
specialize,P
approval,P
blow,H
poet,P
commando,P
teamwork,M
sequel,P
infidel,P
ripple,P
brig,P
kangaroo,M
clarinet,M
smut,P
empire,P
suede,M
rightful,P
overseas,P
tickle,P
deposition,P
hormone,P
spook,P
material,P
celery,M
trade,P
chill,P
myth,P
award,P
waterfall,M
nightly,P
reindeer,M
force,P
statistics,P
extreme,P
shiver,H
portion,P
lull,P
sexy,P
gut,P
crawl,P
nationwide,M
fender,P
penis,M
verb,M
treatment,P
surrender,P
registry,P
alias,P
sustain,P
anonymous,M
applaud,P
dairy,P
roadblock,P
carve,P
colorful,P
jinx,P
untrue,P
petite,P
struggle,P
cluster,P
exam,M
motivate,M
wizard,P
hideous,P
erect,P
comeback,P
math,M
creator,P
bump,P
stationery,P
greasy,P
buzzer,M
zombie,P
virtuous,P
payment,P
almond,P
cling,P
tenant,P
grin,P
terrific,P
absence,P
jukebox,M
examine,P
warrant,P
unlucky,P
creative,P
rake,H
container,P
text,P
prowl,P
bully,H
cherry,P
bisexual,P
inferior,P
hysterical,P
waiter,P
bridal,P
litigation,M
daybreak,M
witty,P
fate,P
cadet,M
wart,P
absent,P
invent,P
knock,P
eminent,P
sometime,P
playful,P
crumble,P
slide,P
muzzle,P
unclear,M
noodle,H
kite,P
shark,H
seek,P
asleep,P
obedience,P
regardless,P
carousel,P
wink,P
departure,P
injection,P
support,P
craze,P
mammal,M
wisdom,P
argue,P
engagement,P
unlock,P
anguish,P
quality,P
maniac,P
appendix,P
warp,P
finale,P
putt,P
founder,H
exposure,P
scandal,P
popular,P
lard,P
excellence,P
hesitation,M
vineyard,M
remedy,P
priestess,M
prime,P
erection,P
charm,P
crate,P
twin,P
statue,M
post,H
descent,P
handbag,P
scenery,P
hoodlum,P
perception,P
chant,P
lint,P
preview,P
lush,P
accordance,P
neutral,P
fond,P
grape,P
treasure,P
bladder,P
dozen,P
shindig,M
suburban,P
cleaver,M
tab,P
harm,P
flirt,P
stadium,M
permanent,P
shutter,P
outcome,M
infirmary,M
melon,M
warming,P
artistic,P
suppress,P
dinosaur,P
cranberry,P
generate,P
prove,P
threat,P
downfall,P
admit,P
position,P
alike,P
bankrupt,P
laser,M
bust,H
tour,P
hostage,M
pepper,P
freeway,M
symphony,P
fudge,H
stallion,M
eyeball,P
perpetual,P
villa,M
youngster,P
chimpanzee,M
accuse,M
naked,P
priority,P
propeller,M
lollipop,M
poem,P
crucifix,M
decorator,M
flashy,P
heap,P
rumor,P
contradict,P
handicap,P
potassium,M
haywire,P
momentary,P
roster,P
gland,P
washer,P
summary,P
overthrow,P
vanquish,M
expiration,P
governor,P
glorious,P
larceny,M
flaw,H
cubicle,M
precaution,P
approve,P
weekly,P
blizzard,P
border,P
nighttime,M
ancestor,P
heathen,P
pushover,P
mascara,M
dandy,P
suspicion,P
science,P
universe,P
papaya,M
superb,P
spite,P
finder,P
dune,M
affection,P
liver,H
discreet,P
elect,P
offshore,P
pollution,P
creation,P
hearsay,P
ounce,H
kidnap,M
nonstop,M
weasel,P
leaf,P
despite,P
bathrobe,M
reputation,P
portrait,P
hypocrisy,M
tame,P
bulldozer,M
batter,H
mop,P
