word1,word2,cosine_similarity,word1_freq,word1_docfreq,word2_freq,word2_docfreq,relation
skirt,blouse,0.957606,11618,2980,10851,2484,Co-Hyponym
flute,violin,0.952288,18008,3230,15442,2640,Co-Hyponym
crocodile,alligator,0.942813,17066,3076,14489,2654,Co-Hyponym
football,baseball,0.941512,13762,2693,12400,2737,Co-Hyponym
farm,ranch,0.92656,69515,32155,9316,2619,Co-Hyponym
hut,cabin,0.910017,11438,3061,10424,2857,Co-Hyponym
river,stream,0.905673,60871,27049,14907,4781,Co-Hyponym
drum,guitar,0.901809,30649,6589,20696,4854,Co-Hyponym
potato,onion,0.898363,16314,2656,16203,2586,Co-Hyponym
lemon,lime,0.897403,26872,6796,14473,2562,Co-Hyponym
pink,purple,0.894023,87515,42943,57877,21462,Co-Hyponym
peach,prune,0.888441,15844,2635,8209,1916,Co-Hyponym
muffin,waffle,0.888297,14239,2450,13755,2363,Co-Hyponym
tape,glue,0.887365,25934,10814,25356,11002,Co-Hyponym
fish,shrimp,0.878452,331746,87084,16052,2517,Co-Hyponym
circle,square,0.878214,27623,10904,20474,6528,Co-Hyponym
sword,shield,0.875648,21310,6419,13959,3028,Co-Hyponym
thunder,lightning,0.868869,13807,6292,11450,4659,Co-Hyponym
sunset,sunrise,0.868497,9485,3952,8504,2772,Co-Hyponym
generous,thoughtful,0.864894,25709,16535,18458,12496,Co-Hyponym
shark,octopus,0.855793,23177,4775,13818,2954,Co-Hyponym
spoon,fork,0.854402,39697,15837,16591,4092,Co-Hyponym
card,stamp,0.852242,25641,5996,13903,3276,Co-Hyponym
thread,needle,0.848467,15857,4709,15485,4895,Co-Hyponym
sugar,butter,0.845146,25977,11850,20459,7094,Co-Hyponym
soap,shampoo,0.843048,25445,10532,11783,2873,Co-Hyponym
kangaroo,panda,0.840207,11222,2729,10330,2776,Co-Hyponym
princess,queen,0.840192,42117,14972,31142,9201,Co-Hyponym
sheep,goat,0.839406,34461,8225,21558,3341,Co-Hyponym
barn,stable,0.837778,22537,8162,9804,3200,Co-Hyponym
hat,scarf,0.836834,159558,67739,28519,9726,Co-Hyponym
pig,chicken,0.835854,33503,8335,21253,6671,Co-Hyponym
pencil,notebook,0.835665,18854,4560,14368,2860,Co-Hyponym
goal,score,0.833929,10024,4823,7627,3868,Co-Hyponym
mix,stir,0.831716,32978,18059,13886,8690,Co-Hyponym
collar,leash,0.831114,17038,7229,12855,5830,Co-Hyponym
tower,stack,0.830909,76352,17007,12493,4809,Co-Hyponym
slip,stumble,0.829779,7898,6295,2398,2046,Co-Hyponym
moon,comet,0.828227,37477,11573,16536,2596,Co-Hyponym
wet,dirty,0.825703,111774,70017,92013,59818,Co-Hyponym
roof,chimney,0.82554,16375,7457,11770,2973,Co-Hyponym
expensive,cheap,0.823677,26239,15453,20848,11380,Co-Hyponym
smelly,filthy,0.823426,33591,13906,19034,10949,Co-Hyponym
scooter,motorcycle,0.823379,15412,2915,14913,2594,Co-Hyponym
brush,comb,0.821115,25528,10897,17488,3939,Co-Hyponym
jug,mug,0.818498,17897,3670,16021,2717,Co-Hyponym
borrow,lend,0.816449,16888,9121,10390,7306,Co-Hyponym
juicy,ripe,0.814348,12090,10999,2029,1677,Co-Hyponym
hammer,nail,0.813079,18172,5201,12948,3077,Co-Hyponym
desk,blackboard,0.811041,15800,5369,12124,2532,Co-Hyponym
dolphin,jellyfish,0.810107,15402,3464,14721,2733,Co-Hyponym
avocado,grape,0.809552,14902,2650,9632,2396,Co-Hyponym
crab,oyster,0.809251,55446,12543,13280,2470,Co-Hyponym
castle,palace,0.807503,71627,26817,11685,3166,Co-Hyponym
film,television,0.804486,12981,2544,11410,2712,Co-Hyponym
jam,sauce,0.803496,23648,5011,19219,5024,Co-Hyponym
helpful,polite,0.803415,42998,30311,26590,17015,Co-Hyponym
bull,mule,0.802716,16384,2703,11700,2629,Co-Hyponym
cherry,blueberry,0.802088,8779,2638,7361,2199,Co-Hyponym
puppy,kitten,0.802068,47463,12285,39322,8563,Co-Hyponym
bag,basket,0.800624,116624,55324,38572,17049,Co-Hyponym
cheek,forehead,0.798368,5296,4922,1807,1743,Co-Hyponym
lake,ocean,0.796894,52828,19611,16914,7938,Co-Hyponym
cheese,ham,0.792799,46193,15217,1871,1289,Co-Hyponym
pirate,sailor,0.792682,13954,5260,12548,3150,Co-Hyponym
patience,effort,0.791624,3160,2715,2431,2302,Co-Hyponym
slide,swing,0.791312,167627,61003,99402,37247,Co-Hyponym
pool,bathtub,0.791102,31462,9768,13356,3729,Co-Hyponym
green,yellow,0.788211,176818,119613,113830,70141,Co-Hyponym
rocket,spaceship,0.786708,29891,5778,3926,1968,Co-Hyponym
monkey,zebra,0.786388,46801,15040,12816,3325,Co-Hyponym
lamp,candle,0.785602,24410,5256,17021,3348,Co-Hyponym
porch,lawn,0.785561,11099,4750,10081,3029,Co-Hyponym
slap,strike,0.78516,6765,4889,6663,5087,Co-Hyponym
trumpet,microphone,0.783727,16645,3011,13025,3324,Co-Hyponym
mouse,rat,0.780559,181018,49302,19117,3353,Co-Hyponym
seal,penguin,0.780014,14833,3074,12146,3700,Co-Hyponym
corn,rice,0.777901,19702,4002,16508,3197,Co-Hyponym
swim,dive,0.776864,71677,44381,14339,6857,Co-Hyponym
paint,draw,0.776797,74609,23317,73380,37720,Co-Hyponym
fridge,freezer,0.775448,19888,8594,11178,3284,Co-Hyponym
pit,drain,0.774928,14179,3167,10472,2843,Co-Hyponym
bracelet,purse,0.772998,17229,3445,14998,3154,Co-Hyponym
bath,shower,0.772787,22039,12109,9907,3042,Co-Hyponym
design,decorate,0.771229,15525,7164,14277,8727,Co-Hyponym
cup,bottle,0.769875,58062,22090,57293,22858,Co-Hyponym
balloon,kite,0.768793,69496,15486,50428,8842,Co-Hyponym
station,airport,0.768395,14015,5845,10614,4177,Co-Hyponym
bus,subway,0.767987,42105,7382,11163,2566,Co-Hyponym
flame,spark,0.76783,13673,3371,12279,3376,Co-Hyponym
pasta,beef,0.766078,19313,3250,11352,2486,Co-Hyponym
poem,novel,0.765827,12048,2417,11259,2469,Co-Hyponym
pizza,spaghetti,0.765504,28734,5240,16822,3008,Co-Hyponym
fear,anger,0.765474,8846,8146,1160,1091,Co-Hyponym
rainy,cloudy,0.765456,2083,1842,1485,1288,Co-Hyponym
laugh,giggle,0.765455,101430,87300,8461,8265,Co-Hyponym
clever,creative,0.765407,33264,21556,27635,18229,Co-Hyponym
fancy,modern,0.765203,32608,13651,18211,11174,Co-Hyponym
vanish,appear,0.765171,6033,4017,4810,4279,Co-Hyponym
laser,pistol,0.764866,14374,2472,12302,2588,Co-Hyponym
rope,chain,0.763938,46682,14568,14476,2979,Co-Hyponym
hill,mountain,0.763897,124053,40587,21465,6466,Co-Hyponym
strawberry,mint,0.76385,14068,4064,13810,2783,Co-Hyponym
kindness,bravery,0.763768,13901,12328,2025,1923,Co-Hyponym
goose,hippo,0.762652,19798,2823,13361,2643,Co-Hyponym
snowman,snowball,0.762432,36710,8243,3976,1890,Co-Hyponym
elephant,giraffe,0.760209,43111,13809,10869,4710,Co-Hyponym
tunnel,maze,0.760105,16277,4153,13204,2559,Co-Hyponym
suit,bathrobe,0.759496,16698,5328,11354,2483,Co-Hyponym
beetle,snail,0.758539,16921,3150,6111,2346,Co-Hyponym
bowl,pot,0.75639,66232,35121,52840,19359,Co-Hyponym
glove,boot,0.754539,16413,2921,13996,2247,Co-Hyponym
upstairs,downstairs,0.75363,7625,3702,3926,3150,Co-Hyponym
squash,mushroom,0.752792,18165,2642,16191,2541,Co-Hyponym
arm,finger,0.75198,30590,17769,21459,11778,Co-Hyponym
honest,obedient,0.750966,30379,17187,19027,11557,Co-Hyponym
quarrel,disagree,0.749822,12832,6685,4977,3853,Co-Hyponym
scare,tease,0.749503,22658,17819,10633,6916,Co-Hyponym
naughty,careless,0.748554,48579,29098,19120,12988,Co-Hyponym
lotion,perfume,0.747098,12445,2616,11394,2626,Co-Hyponym
crystal,ornament,0.746707,17275,3001,11774,2354,Co-Hyponym
original,ordinary,0.746112,19695,11537,17070,11524,Co-Hyponym
fence,hedge,0.745301,45556,19572,11574,2617,Co-Hyponym
switch,knob,0.74429,13466,3984,9887,3297,Co-Hyponym
helicopter,missile,0.743445,17323,2681,13588,2530,Co-Hyponym
milk,cocoa,0.741077,43756,19029,16884,4237,Co-Hyponym
tire,motor,0.740745,15125,3327,12172,2720,Co-Hyponym
wagon,jeep,0.740519,22509,3885,19163,2638,Co-Hyponym
nut,twig,0.740502,24680,5634,13141,2925,Co-Hyponym
brave,smart,0.740403,174864,124295,65646,52395,Co-Hyponym
reef,port,0.738999,10152,2609,8396,2568,Co-Hyponym
sunglasses,vest,0.73694,13390,3016,13299,2783,Co-Hyponym
cloth,sponge,0.735196,38504,19966,2293,1219,Co-Hyponym
string,ribbon,0.73401,39006,13698,9620,4359,Co-Hyponym
wolf,leopard,0.733563,33070,5789,15298,2575,Co-Hyponym
net,hook,0.732603,30945,9997,14838,4125,Co-Hyponym
popcorn,jelly,0.731843,19675,3738,17816,3113,Co-Hyponym
sleepy,lazy,0.730969,34296,20298,28662,12228,Co-Hyponym
gum,lollipop,0.73074,17838,2882,15007,3409,Co-Hyponym
shirt,sock,0.730316,30790,12881,23674,4334,Co-Hyponym
crown,necklace,0.729966,23653,7425,20246,6927,Co-Hyponym
knife,razor,0.728953,20519,7076,12096,2631,Co-Hyponym
dinosaur,tiger,0.728877,22421,5673,21189,3960,Co-Hyponym
cube,triangle,0.728023,20092,3001,17267,4162,Co-Hyponym
grumpy,bossy,0.725337,38590,13482,31503,11893,Co-Hyponym
folder,calendar,0.724654,14417,2668,11156,2584,Co-Hyponym
driver,cop,0.72454,39246,14504,13063,2852,Co-Hyponym
fat,thin,0.724213,25116,11801,23704,16191,Co-Hyponym
hungry,thirsty,0.724066,114579,86641,20344,16425,Co-Hyponym
lovely,brilliant,0.724043,29991,20853,20316,12176,Co-Hyponym
uniform,outfit,0.723855,9183,3452,1445,1104,Co-Hyponym
pond,fountain,0.723119,147151,61012,18955,5089,Co-Hyponym
hop,skip,0.722946,36606,21642,16465,7475,Co-Hyponym
dictionary,newspaper,0.722342,11502,2534,11034,2695,Co-Hyponym
pipe,rod,0.722095,16614,3131,15102,3302,Co-Hyponym
box,chest,0.720633,592564,206264,22579,10365,Co-Hyponym
